<?xml version="1.0" encoding="utf-8"?>
<resources>
    <dimen name="dkplayer_controller_height">46dp</dimen>
    <dimen name="dkplayer_controller_icon_padding">12dp</dimen>
    <dimen name="dkplayer_controller_text_size">16sp</dimen>
    <dimen name="dkplayer_default_spacing">10dp</dimen>
    <dimen name="dkplayer_controller_seekbar_size_n">14dp</dimen>
    <dimen name="dkplayer_controller_seekbar_size_s">14dp</dimen>
    <dimen name="dkplayer_controller_seekbar_max_size">1dp</dimen>
    <dimen name="dkplayer_play_btn_size">50dp</dimen>
    <dimen name="dkplayer_controller_time_text_size">14sp</dimen>
</resources>