<?xml version="1.0" encoding="utf-8"?>
<resources>
    <color name="purple_200">#FFBB86FC</color>
    <color name="purple_500">#FF6200EE</color>
    <color name="purple_700">#FF3700B3</color>
    <color name="teal_200">#FF03DAC5</color>
    <color name="teal_700">#FF018786</color>
    <color name="black">#FF000000</color>
    <color name="white">#FFFFFFFF</color>
    
    <!-- Cores personalizadas para o tema escuro -->
    <color name="dark_background">#FF000000</color>
    <color name="dark_surface">#FF1A1A1A</color>
    <color name="dark_surface_variant">#FF2A2A2A</color>
    <color name="dark_primary">#FFFF6B35</color>
    <color name="text_primary">#FFFFFFFF</color>
    <color name="text_secondary">#FFAAAAAA</color>
    <color name="text_hint">#FF666666</color>
    <color name="divider">#FF555555</color>
    <color name="card_background">#FF1A1A1A</color>
</resources>