<?xml version="1.0" encoding="utf-8"?>
<selector xmlns:android="http://schemas.android.com/apk/res/android">
    <item android:state_focused="true">
        <shape android:shape="rectangle">
            <solid android:color="@color/button_focused" />
            <corners android:radius="12dp" />
            <stroke android:width="3dp" android:color="@color/accent_color" />
        </shape>
    </item>
    <item android:state_pressed="true">
        <shape android:shape="rectangle">
            <solid android:color="@color/button_pressed" />
            <corners android:radius="12dp" />
        </shape>
    </item>
    <item>
        <shape android:shape="rectangle">
            <solid android:color="@color/button_normal" />
            <corners android:radius="12dp" />
        </shape>
    </item>
</selector>

