<?xml version="1.0" encoding="utf-8"?>
<selector xmlns:android="http://schemas.android.com/apk/res/android">
    <item android:state_focused="true">
        <shape android:shape="rectangle">
            <solid android:color="@color/selection_focus" />
            <corners android:radius="4dp" />
        </shape>
    </item>
    <item android:state_selected="true"> <!-- Pode ser usado para item "ativo" -->
        <shape android:shape="rectangle">
            <solid android:color="@color/selection_focus" />
            <corners android:radius="4dp" />
        </shape>
    </item>
    <item android:state_pressed="true">
        <shape android:shape="rectangle">
            <solid android:color="@color/selection_focus" />
            <corners android:radius="4dp" />
        </shape>
    </item>
    <item>
        <shape android:shape="rectangle">
            <solid android:color="@android:color/transparent" />
        </shape>
    </item>
</selector>
