<?xml version="1.0" encoding="utf-8"?>
<selector xmlns:android="http://schemas.android.com/apk/res/android">
    <item android:state_selected="true">
        <shape android:shape="rectangle">
            <solid android:color="@color/md_sys_color_primary_container"/>
            <corners android:topRightRadius="24dp" android:bottomRightRadius="24dp"/>
            <padding android:right="16dp"/> <!-- Similar to mr-2 in Tailwind, adjust as needed -->
        </shape>
    </item>
    <item>
        <shape android:shape="rectangle">
            <solid android:color="@android:color/transparent"/>
        </shape>
    </item>
</selector>
