
<resources xmlns:tools="http://schemas.android.com/tools">
    <!-- Base application theme. -->
    <style name="Theme.IPTVPlayer" parent="Theme.Material3.DayNight.NoActionBar">
        <!-- Cores personalizadas para o tema escuro -->
        <item name="colorPrimary">@color/dark_primary</item>
        <item name="colorOnPrimary">@color/text_primary</item>
        <item name="colorSecondary">@color/teal_200</item>
        <item name="colorOnSecondary">@color/black</item>
        <item name="android:colorBackground">@color/dark_background</item>
        <item name="colorSurface">@color/dark_surface</item>
        <item name="colorOnSurface">@color/text_primary</item>
        <item name="colorSurfaceVariant">@color/dark_surface_variant</item>
        <item name="colorOnSurfaceVariant">@color/text_secondary</item>
        
        <!-- Configurações da barra de status -->
        <item name="android:statusBarColor">@color/dark_background</item>
        <item name="android:windowLightStatusBar" tools:targetApi="m">false</item>
        
        <!-- Configurações da barra de navegação -->
        <item name="android:navigationBarColor">@color/dark_background</item>
        <item name="android:windowLightNavigationBar" tools:targetApi="o">false</item>
    </style>
</resources>

